0.026611934,0.099431171,4.6,1000.74044,0.184285258,0.509588214,1.30850829,1.28124776,0.784442353,0.904433868,0.00249845,0.002499891,0.002500159,0.002495821,0.002490698,0.002468819,8.409030612,17.15813772,3.298417024,3.71121723
0.026611934,0.099326731,4.6,1000.74044,0.184871112,0.481819369,1.33034347,1.28124776,0.784442353,0.904433868,0.002502824,0.002498411,0.002463156,0.002481935,0.002484451,0.002468819,8.594662588,17.53690896,3.298417024,3.71121723
0.026611934,0.099326731,4.6,1000.74044,0.180226417,0.491112148,1.33034347,1.29641805,0.784442353,0.932510224,0.002503911,0.002503571,0.002463156,0.002501227,0.002473637,0.002468819,8.764358704,18.32005053,3.384580643,3.984468565
0.026611934,0.099326731,4.6,1000.74044,0.180226417,0.483435651,1.34298207,1.34688595,0.795465915,0.90834942,0.002510403,0.002492338,0.002421844,0.002512194,0.002481431,0.002468819,9.488048473,21.50160625,3.346835423,3.789625646
0.026611934,0.09880551,4.6,1000.74044,0.180226417,0.483435651,1.34298207,1.40149151,0.81669911,0.90834942,0.002505782,0.002491171,0.002378778,0.002500924,0.002479251,0.00246463,10.22740924,25.31992029,3.418659258,3.870951859
0.026611934,0.098546937,4.6,1000.74044,0.177264136,0.483435651,1.34298207,1.40149151,0.817309995,0.897728012,0.002507544,0.002486084,0.002362961,0.002495945,0.002476226,0.00246463,10.22740924,25.31992029,3.388094899,3.770913579
0.026611934,0.098546937,4.6,1000.74044,0.183321401,0.483435651,1.37033881,1.40149151,0.817882847,0.851857426,0.00250235,0.002498536,0.002322404,0.00248061,0.002478193,0.00246463,10.51106,26.02215236,3.25669665,3.362602756
0.026611934,0.098248399,4.6,1000.74044,0.183321401,0.483435651,1.37033881,1.43906087,0.841474644,0.80742225,0.002510595,0.002500767,0.002289004,0.002495876,0.002471023,0.002442482,11.08715137,29.1908682,3.213754851,3.081256437
0.026611934,0.098011814,4.6,1014.49491,0.185401025,0.494629189,1.37390731,1.44524867,0.841474644,0.772773542,0.002502525,0.002488816,0.002264458,0.002502745,0.0024711,0.00241077,11.22652373,29.8607902,3.126968853,2.826381594
0.026607164,0.09801731,4.6,1020.48455,0.185401025,0.494629189,1.37390731,1.49853865,0.843491768,0.772773542,0.002497576,0.002494391,0.002243618,0.002517095,0.002474397,0.00241077,12.14255655,35.28922828,3.133282702,2.83208851
0.026598717,0.097971819,4.6,1020.48455,0.185401025,0.494629189,1.37390731,1.53852971,0.847280332,0.755358645,0.002501706,0.002501466,0.002243618,0.002524336,0.002481777,0.002366612,12.90279745,40.1153221,3.103602934,2.722108159
0.02656311,0.097828181,4.6,1020.48455,0.178337175,0.47846902,1.40564718,1.54430256,0.869771176,0.714758006,0.002497949,0.002506904,0.002243618,0.002516985,0.002470338,0.002366612,13.43794442,42.19098419,3.080865856,2.515684295
0.026498557,0.097753204,4.6,1020.48455,0.181272994,0.504787793,1.40564718,1.54430256,0.869771176,0.674987653,0.00249561,0.00251869,0.002217449,0.002508518,0.002482285,0.002366612,13.43794442,42.19098419,2.996890772,2.276715081
0.026498557,0.097753204,4.6,1020.48455,0.184881069,0.49831606,1.40564718,1.54430256,0.869771176,0.674987653,0.002490571,0.002523972,0.002183365,0.002500284,0.002492333,0.002322399,13.43794442,42.19098419,2.996890772,2.276715081
0.026498557,0.097753204,4.6,1026.87784,0.184881069,0.49831606,1.40564718,1.57210544,0.869771176,0.665185944,0.002493398,0.002534276,0.002183365,0.002483082,0.002502903,0.002282663,14.03290512,46.20295922,2.977271705,2.221114111
0.026498557,0.097500896,4.6,1026.87784,0.188597704,0.49831606,1.41955689,1.57210544,0.892775537,0.653820902,0.002494268,0.002545213,0.002183365,0.002476051,0.002491057,0.002282663,14.22946262,46.85011946,3.023806363,2.208395794
0.026470294,0.097330628,4.6,1026.87784,0.192108792,0.49831606,1.430561,1.57210544,0.892775537,0.659800471,0.002486547,0.002546371,0.002183365,0.002457713,0.002488965,0.002282663,14.38690988,47.36851031,3.035705547,2.242076178
0.026470294,0.097330628,4.6,1026.87784,0.186907688,0.481138642,1.430561,1.57210544,0.901424559,0.613417485,0.002479564,0.00253351,0.002183365,0.002455499,0.002483858,0.002246166,14.38690988,47.36851031,2.972980736,2.009472117
0.026415851,0.097330628,4.6,1026.87784,0.179792144,0.499717844,1.44671144,1.57210544,0.901424559,0.613417485,0.002479564,0.002543937,0.002140204,0.002449253,0.002497198,0.002203174,14.62115127,48.13974371,2.972980736,2.009472117
0.026415851,0.097050919,4.6,1026.87784,0.179792144,0.499717844,1.44671144,1.58778207,0.920822979,0.642776334,0.002479564,0.002536666,0.002106609,0.002463482,0.002499778,0.002203174,14.9878128,50.69709864,3.087629631,2.208440989
0.026358776,0.097050919,4.6,1026.87784,0.180057905,0.50987304,1.44671144,1.59641368,0.924614694,0.673626415,0.002476601,0.002525506,0.002106609,0.002472025,0.002504576,0.002199942,15.19520259,52.17151946,3.162936814,2.396829799
0.026358776,0.097050919,4.6,1026.87784,0.180057905,0.50987304,1.44671144,1.65033779,0.956059306,0.673626415,0.002469502,0.002537869,0.002106609,0.002474017,0.002499255,0.002189183,16.58533466,62.57595488,3.263974353,2.473394649
0.026358776,0.097050919,4.6,1026.87784,0.180057905,0.50987304,1.44671144,1.65033779,0.982987528,0.677517672,0.002469502,0.002541791,0.002100357,0.002475925,0.002493733,0.002156104,16.58533466,62.57595488,3.361887681,2.56593418
0.026358776,0.097071255,4.6,1023.27913,0.180057905,0.500185395,1.44671144,1.69373201,0.981773035,0.670905829,0.002467148,0.00254862,0.002050082,0.002492838,0.002490963,0.002106492,17.83344275,72.69091593,3.34287211,2.52047231
0.026358776,0.097071255,4.6,1023.27913,0.186916904,0.522586133,1.45439136,1.69373201,0.997226547,0.670905829,0.002467148,0.002551213,0.002034714,0.002491292,0.002503491,0.002106492,17.97092943,73.25132554,3.394932446,2.559724973
0.026324668,0.096717664,4.6,1032.13662,0.181302045,0.522586133,1.45439136,1.69373201,1.03469186,0.670905829,0.00245948,0.002548764,0.002034714,0.002499333,0.002499874,0.002098515,17.97092943,73.25132554,3.524537337,2.657444996
0.026324668,0.096686916,4.6,1032.13662,0.183519189,0.51391098,1.45344758,1.69373201,1.03469186,0.670905829,0.00245948,0.002547848,0.002023904,0.00249724,0.002495588,0.002066125,17.95397683,73.18222502,3.524537337,2.657444996
0.026291391,0.096494257,4.6,1032.13662,0.181287674,0.501558574,1.47451649,1.71634854,1.06240355,0.670905829,0.00245948,0.002543679,0.001983358,0.002504059,0.002490258,0.002066125,19.05715545,80.91299326,3.623574124,2.732117155
0.026291631,0.096494257,4.6,1027.39004,0.181287674,0.501558574,1.47451649,1.71634854,1.06240355,0.693555214,0.00245948,0.002531602,0.001981368,0.0025011,0.002495547,0.002066125,19.05715545,80.91299326,3.680000792,2.89230681
0.026291631,0.096494257,4.6,1027.39004,0.181287674,0.501558574,1.47451649,1.76233427,1.06240355,0.693555214,0.002451659,0.002542861,0.001975679,0.002514928,0.002484718,0.002066125,20.644058,95.33793094,3.680000792,2.89230681
0.026291631,0.096277871,4.6,1027.39004,0.18812508,0.516443872,1.47451649,1.76233427,1.08068468,0.693555214,0.002451659,0.002553651,0.001950607,0.002509593,0.002475199,0.002066125,20.644058,95.33793094,3.747894057,2.94566771
0.026291631,0.095747561,4.6,1027.39004,0.191919279,0.507241597,1.47451649,1.76233427,1.08068468,0.69548443,0.002444151,0.002566209,0.001953331,0.002515262,0.002461872,0.002043349,20.644058,95.33793094,3.752919146,2.95996297
0.026291631,0.095356508,4.6,1032.82092,0.186725579,0.524371587,1.47451649,1.78976091,1.08068468,0.69548443,0.002444151,0.002557418,0.001933772,0.002519776,0.002469773,0.002043349,21.67454537,105.3218901,3.752919146,2.95996297
0.026266124,0.095417941,4.6,1032.82092,0.189784941,0.524371587,1.47451649,1.78976091,1.08068468,0.69548443,0.002437247,0.00255547,0.001933772,0.002523712,0.002461886,0.002043349,21.67454537,105.3218901,3.752919146,2.95996297
0.026266124,0.095037361,4.6,1032.82092,0.194110222,0.524371587,1.47451649,1.81238883,1.08310579,0.688400939,0.002437247,0.002562534,0.001899662,0.002526202,0.002466472,0.001996688,22.57612937,114.4553991,3.743622466,2.914836699
0.026266124,0.095037361,4.6,1032.82092,0.189904482,0.506877401,1.47451649,1.81695737,1.10020294,0.692453336,0.002429374,0.002563028,0.001890678,0.002540995,0.002476547,0.001948089,22.76407265,116.4062031,3.818847789,2.995430387
0.026233724,0.095037361,4.6,1031.54152,0.184074749,0.511601572,1.47451649,1.83845733,1.10020294,0.693035232,0.00242776,0.002560875,0.001890678,0.002540556,0.002485601,0.00192413,23.67640937,126.1056747,3.820387497,2.99980902
0.026233724,0.095037361,4.6,1031.54152,0.184074749,0.509742885,1.48565056,1.83845733,1.10020294,0.737514461,0.002423936,0.002550826,0.001890678,0.002534786,0.00248607,0.001913991,23.94149718,127.5175897,3.943886783,3.352906591
0.026233724,0.095037361,4.6,1031.54152,0.185885552,0.514097383,1.49600797,1.83845733,1.12941876,0.757210603,0.002423936,0.00255916,0.001890678,0.002523859,0.002493076,0.001871057,24.1907577,128.8452051,4.121028255,3.626112486
0.026233724,0.095037361,4.6,1031.54152,0.185885552,0.523702783,1.49600797,1.86272722,1.12941876,0.749315586,0.002422019,0.002568104,0.001890678,0.002519491,0.002486035,0.001828535,25.30202212,141.1680423,4.096593127,3.555443127
0.026233724,0.095131821,4.6,1031.54152,0.187697853,0.522576371,1.50176749,1.91996957,1.12941876,0.774114917,0.002419551,0.002568989,0.001844796,0.002501583,0.002486908,0.001828535,28.35799681,176.8599905,4.174713413,3.782114865
0.026233724,0.095131821,4.6,1031.54152,0.187697853,0.507367703,1.50096005,1.91996957,1.12941876,0.758692134,0.002419551,0.002573234,0.001796085,0.00251845,0.002494664,0.001828535,28.33510867,176.7172443,4.125658474,3.639526697
0.026233724,0.095131821,4.6,1031.54152,0.187697853,0.526186382,1.50096005,1.97551746,1.14924926,0.800850277,0.002419551,0.002578642,0.001762683,0.002518848,0.002490627,0.001809797,31.57275823,219.9569901,4.348930023,4.123611469
0.026217902,0.095131821,4.6,1031.54152,0.184278785,0.526186382,1.50096005,2.00333453,1.16466899,0.800850277,0.002414909,0.00258318,0.001762769,0.002506962,0.002485799,0.001762151,33.36924507,245.965247,4.416509036,4.187689205
0.026217902,0.094690481,4.6,1031.54152,0.185941883,0.52513552,1.52937621,2.00333453,1.18319853,0.831516284,0.002414909,0.002579272,0.001762769,0.00252184,0.002472659,0.001749613,34.33107187,253.054888,4.613137427,4.605166613
0.026217902,0.094690481,4.6,1031.54152,0.190599876,0.512586203,1.52937621,2.05108324,1.18319853,0.831516284,0.002414909,0.002571201,0.001741728,0.002535678,0.002470985,0.001749613,37.82035458,307.6050803,4.613137427,4.605166613
0.026217902,0.094331987,4.6,1031.54152,0.191462043,0.52554816,1.55750295,2.05108324,1.19398825,0.831516284,0.002407663,0.002582307,0.001741728,0.00253466,0.002479624,0.00171081,38.89921921,316.3798326,4.663181382,4.6551241
0.026217902,0.094331987,4.6,1035.50273,0.188063623,0.532816033,1.55750295,2.05108324,1.19398825,0.831092026,0.002407663,0.002591403,0.001741728,0.002535539,0.002477455,0.001699956,38.89921921,316.3798326,4.661537027,4.650194448
0.026170108,0.093935067,4.6,1035.50273,0.188437443,0.532816033,1.55750295,2.07195475,1.19398825,0.831092026,0.002407663,0.002599424,0.001741728,0.002527852,0.002477003,0.001699956,40.60946604,345.026205,4.661537027,4.650194448
0.026170108,0.093785894,4.6,1035.50273,0.191687338,0.534868381,1.56783925,2.07195475,1.19592668,0.831092026,0.002400842,0.002592349,0.001741728,0.002521862,0.002464694,0.001653419,41.03139449,348.6109942,4.670581854,4.659217266
0.026170108,0.093657807,4.6,1045.72398,0.193501978,0.534868381,1.56783925,2.07195475,1.20176971,0.844619169,0.002400842,0.002595288,0.001741728,0.002534463,0.002468667,0.001653419,41.03139449,348.6109942,4.751500583,4.84765062
0.026170108,0.093229775,4.6,1057.29315,0.187103408,0.541926965,1.59760028,2.10963503,1.20176971,0.844619169,0.002400842,0.002591027,0.001699773,0.002528523,0.002462195,0.001609476,45.73574964,420.8556491,4.751500583,4.84765062
0.026108376,0.093229775,4.6,1057.29315,0.187103408,0.538656286,1.59760028,2.14524341,1.20176971,0.844619169,0.002393525,0.002602119,0.001695171,0.002539944,0.00247058,0.001609476,49.33505702,490.1094407,4.751500583,4.84765062
0.026108376,0.09273365,4.6,1053.46008,0.187103408,0.515674145,1.59760028,2.14524341,1.20176971,0.817845814,0.002393525,0.002611204,0.001666091,0.002527997,0.002458586,0.001601565,49.33505702,490.1094407,4.646924476,4.534107215
0.026084579,0.09273365,4.6,1053.46008,0.187103408,0.518467711,1.60140664,2.2043389,1.19897756,0.817845814,0.002393525,0.002612163,0.001666091,0.002528082,0.002471501,0.001567698,56.31503962,636.9064669,4.633967663,4.521464966
0.026092706,0.09273365,4.6,1041.73889,0.187419024,0.540128536,1.60140664,2.25301867,1.19897756,0.82304915,0.002385547,0.002605916,0.001666091,0.002545491,0.002472211,0.001527379,62.76849048,791.8467301,4.653792654,4.580551569
0.026092706,0.0926523,4.6,1041.73889,0.187419024,0.540128536,1.63185804,2.25301867,1.19897756,0.863226054,0.002385547,0.002616984,0.001666091,0.002563255,0.002485192,0.001527379,64.70927879,816.3304616,4.814138793,5.064640695
0.026092706,0.092617335,4.6,1048.38434,0.187419024,0.546727399,1.63185804,2.25544009,1.19897756,0.863226054,0.002385547,0.002624024,0.001663022,0.002566709,0.002493071,0.001501876,65.063456,825.3192102,4.814138793,5.064640695
0.026077805,0.092459811,4.6,1048.38434,0.187419024,0.546727399,1.63185804,2.25544009,1.19897756,0.867530539,0.002380823,0.002610855,0.001663022,0.002586817,0.002489716,0.00149889,65.063456,825.3192102,4.83210494,5.119594049
